Indicadores de poboación;;;;;
;;;;;
Variables en filas: Espazo;;;;;
Variables en columnas: Sexo, Indicadores, Tempo;;;;;
;Total;;;;
;Porcentaxe de poboación segundo ámbito xeográfico;Densidade de poboación;Porcentaxe de poboación menor de 20 anos;Porcentaxe de poboación entre 20 e 64 anos;Porcentaxe de poboación de 65 e máis anos
;2025;2025;2025;2025;2025
Galicia [+];5,53;91,8;15,25;57,86;26,88
15006 Arzúa;37,87;38,1;13,45;55,15;31,39
15010 Boimorto;11,52;21,9;8,2;54,6;37,2
15066 Pino, O;29,29;34,7;14,36;56,8;28,84
15085 Touro;21,32;28,9;11,41;52,95;35,64
15011 Boiro;28,75;219;16,35;60,1;23,55
15067 Pobra do Caramiñal, A;13,83;280,6;14,51;59,66;25,83
15072 Rianxo;16,31;182,9;14,71;57,55;27,74
15073 Ribeira;41,11;393,9;16,97;60;23,03
15007 Baña, A;31,75;33;10,31;50,39;39,3
15056 Negreira;68,25;60,5;16,4;57,71;25,89
15014 Cabana de Bergantiños;6,07;40,6;10,77;51,35;37,88
15019 Carballo;47,88;172,5;16,78;57,94;25,27
15029 Coristanco;8,52;40,4;11,93;51,49;36,58
15041 Laracha, A;17,56;93,5;16,09;56,99;26,93
15040 Laxe;4,3;78,3;12,36;52,97;34,68
15043 Malpica de Bergantiños;7,83;85,7;9;55,27;35,73
15068 Ponteceso;7,85;57,2;12,13;52,59;35,29
15003 Aranga;4,48;15;9,43;51,14;39,43
15009 Betanzos;33,77;558;15,86;59,36;24,77
15026 Cesuras;-;-;-;-;-
15027 Coirós;4,85;57,8;16,23;52,24;31,53
15032 Curtis;10,58;36,3;14,67;58;27,33
15039 Irixoa;3,34;19,5;9,57;55,23;35,2
15048 Miño;17,76;215,5;17,15;59,13;23,71
15063 Oza dos Ríos;-;-;-;-;-
15902 Oza Cesuras;12,88;34;11,88;54,62;33,5
15064 Paderne;6,15;61,8;12,15;54,8;33,05
15091 Vilarmaior;3,1;40,8;11,22;55,69;33,09
15090 Vilasantar;3,08;20,8;10,06;52,76;37,18
15001 Abegondo;1,35;67,1;14,21;55,25;30,55
15005 Arteixo;8,24;367,1;18,66;63,02;18,32
15008 Bergondo;1,71;217,6;15,24;55,55;29,21
15017 Cambre;5,93;608;16,73;62,55;20,73
15021 Carral;1,64;142,3;17,14;59,44;23,42
15030 Coruña, A;60,19;6642,3;15,51;58,84;25,65
15031 Culleredo;7,48;505,9;18,55;61,68;19,76
15058 Oleiros;9,28;887,5;19,22;58,53;22,25
15075 Sada;4,18;635,5;16,38;57,91;25,7
15015 Cabanas;13,95;108;11,46;53,68;34,86
15018 Capela, A;4,96;20,1;11,08;55,07;33,85
15050 Monfero;7,73;10,6;10,92;52,81;36,27
15069 Pontedeume;31,65;253,9;14,18;56,02;29,81
15070 Pontes de García Rodríguez, As;41,71;39,2;14,1;56,29;29,61
15004 Ares;4,12;342,1;13,94;57,82;28,25
15022 Cedeira;4,32;76,9;13,69;55,86;30,44
15035 Fene;8,2;473,7;13,11;55,65;31,24
15036 Ferrol;42,7;785,3;14,04;56,35;29,6
15049 Moeche;0,79;24,8;10,97;52,04;36,99
15051 Mugardos;3,42;407,1;13,16;56,28;30,56
15054 Narón;26,24;596,2;17,57;60,09;22,34
15055 Neda;3,24;201,1;12,77;55,3;31,94
15076 San Sadurniño;1,8;27,7;12,38;51,73;35,89
15081 Somozas, As;0,69;14,7;11,48;56,56;31,96
15087 Valdoviño;4,48;77,1;12,89;54,59;32,52
15023 Cee;36,6;134,6;15,61;56,59;27,8
15028 Corcubión;7,84;254;11,53;57,97;30,5
15034 Dumbría;12,87;21,7;10,52;53,46;36,02
15037 Fisterra;22,21;159,4;12,58;58,08;29,34
15052 Muxía;20,48;35,7;10,86;52,59;36,55
15020 Carnota;31,61;53,3;10,19;50,07;39,74
15053 Muros;68,39;112,1;12,01;53,36;34,63
15042 Lousame;9,5;32,7;12,35;53,92;33,73
15057 Noia;43,79;379,1;14,67;57,16;28,18
15062 Outes;18,6;60,1;11,1;51,63;37,28
15071 Porto do Son, O;28,12;95,8;14,66;56,3;29,04
15024 Cerceda;14;46;15,06;54,84;30,1
15038 Frades;5,88;26,3;10,53;54,15;35,32
15047 Mesía;6,48;22,1;11,45;51,82;36,73
15059 Ordes;35,52;82,5;16,91;57,56;25,54
15060 Oroso;21,28;107;18,98;63,14;17,88
15084 Tordoia;8,63;25,3;9,99;49,86;40,15
15086 Trazo;8,21;29,6;13,18;51,89;34,93
15901 Cariño;32,32;77,4;11,04;52,37;36,59
15025 Cerdido;8,91;19,1;9,73;52,43;37,84
15044 Mañón;10,76;14,8;8,89;52,76;38,35
15061 Ortigueira;48,01;25,9;9,7;51,75;38,55
15002 Ames;19,08;414,6;20,18;64,91;14,91
15012 Boqueixón;2,44;58;15,89;57,32;26,79
15013 Brión;4,7;109,6;18,9;59,27;21,83
15078 Santiago de Compostela;57,92;458,4;16,16;59,82;24,03
15082 Teo;10,93;240,2;17,3;59,84;22,86
15088 Val do Dubra;2,12;33,9;12,86;51,18;35,96
15089 Vedra;2,82;93;14,76;56,16;29,09
15033 Dodro;17,04;72,1;13,21;54,15;32,64
15065 Padrón;54,47;172,1;15,7;58,33;25,97
15074 Rois;28,5;46,9;14,76;55,57;29,67
15046 Melide;64,51;77,4;16,21;57,33;26,45
15079 Santiso;11,77;21,2;7,41;52,03;40,56
15080 Sobrado;14,99;15,1;9,44;53,07;37,49
15083 Toques;8,73;13,6;8,2;53,35;38,45
15016 Camariñas;31,63;98,2;12,2;54,59;33,21
15092 Vimianzo;42,17;36,1;12,2;53,04;34,76
15093 Zas;26,2;31,5;10,53;52,73;36,74
15045 Mazaricos;28,33;19,9;10,16;51,5;38,34
15077 Santa Comba;71,67;46,3;14,42;54,14;31,44
27901 Baralla;26,39;17,1;9,25;51,2;39,54
27006 Becerreá;30,97;16,4;11,6;53,32;35,08
27012 Cervantes;12,51;4,1;4,38;48,95;46,67
27034 Navia de Suarna;10,61;4;4,95;44,27;50,77
27037 Nogais, As;10;8,3;6,24;50,05;43,7
27045 Pedrafita do Cebreiro;9,52;8,3;4,95;47,41;47,64
27009 Carballedo;15,57;14,3;5,99;48,16;45,84
27016 Chantada;63,92;46,1;14,22;55,71;30,07
27060 Taboada;20,51;17,8;8,99;49,16;41,85
27004 Baleira;24,82;6,5;8,12;50;41,88
27018 Fonsagrada, A;69,81;7;6,62;51,75;41,63
27035 Negueira de Muñiz;5,37;3,3;11,81;59,49;28,69
27011 Castroverde;2,06;14,2;9,94;53,39;36,67
27014 Corgo, O;2,8;21,4;10,07;51,31;38,63
27020 Friol;3,01;12,4;10,5;52,8;36,7
27023 Guntín;2,08;16,2;8,06;50,2;41,74
27028 Lugo;83,2;303,4;16,89;59,29;23,82
27039 Outeiro de Rei;4,52;40,5;15,41;58,04;26,55
27049 Portomarín;1,08;11,3;8,41;49,46;42,13
27056 Rábade;1,25;291,9;16,43;59,64;23,92
27002 Alfoz do Castrodouro;5,18;19,3;7,43;52,78;39,79
27902 Burela;33,51;1241,4;16,79;61,34;21,87
27019 Foz;36,14;103,8;15,21;57,71;27,08
27027 Lourenzá;7,22;33,2;14,31;52,21;33,48
27030 Mondoñedo;11,46;23,1;12,03;50,5;37,47
27063 Valadouro, O;6,48;16,9;13,6;50,75;35,65
27013 Cervo;16,52;53;11,74;54,75;33,51
27038 Ourol;3,86;6,8;9,33;51,92;38,76
27064 Vicedo, O;6,22;20,5;9,77;51,61;38,62
27066 Viveiro;60,37;138;14,53;57,82;27,65
27025 Xove;13,02;36,5;12,81;59,19;28
27005 Barreiros;18,75;41,9;11,36;54,81;33,84
27048 Pontenova, A;12,96;15,5;10,14;50,57;39,29
27051 Ribadeo;61,69;91,6;15,6;57,56;26,84
27061 Trabada;6,6;12,9;9,17;49,2;41,63
27029 Meira;35,07;38;14,93;55,77;29,3
27046 Pol;30,67;12,3;9,7;51,94;38,36
27053 Ribeira de Piquín, A;10,83;7,5;6,59;54,21;39,19
27054 Riotorto;23,43;17,8;7,87;52,33;39,8
27017 Folgoso do Courel;19,04;4,8;5,74;49,24;45,02
27050 Quiroga;62,53;9,6;10,77;48,76;40,46
27052 Ribas de Sil;18,44;13,2;8,16;45,59;46,26
27024 Incio, O;6,76;10,3;7,61;44,94;47,45
27026 Láncara;11,13;20,5;11,5;51,47;37,03
27042 Paradela;6,96;12,8;7,46;47,81;44,73
27043 Páramo, O;5,66;16,9;10,03;52,05;37,91
27055 Samos;5,2;8,5;6,02;49,48;44,49
27057 Sarria;61,63;74,6;15,21;57,4;27,39
27062 Triacastela;2,65;11,6;10,12;52,78;37,1
27001 Abadín;5,82;11,4;7,86;51,07;41,06
27007 Begonte;7,52;22,8;9,85;52,94;37,21
27010 Castro de Rei;12,99;28,2;12;55,58;32,41
27015 Cospeito;10,88;28,9;10,65;53,56;35,79
27022 Guitiriz;13,46;17,6;12,53;54,33;33,14
27033 Muras;1,5;3,5;6,94;51,91;41,15
27044 Pastoriza;7,28;16;11,21;53,28;35,51
27065 Vilalba;36,24;36,8;13,76;56,42;29,82
27021 Xermade;4,33;10;8,77;51,47;39,76
27008 Bóveda;4,6;15,1;7,93;52,4;39,67
27031 Monforte de Lemos;63,57;95,2;14,92;56,26;28,82
27041 Pantón;7,87;16,4;8,59;46,11;45,3
27047 Pobra do Brollón, A;5,36;9,1;7,62;47,44;44,94
27058 Saviñao, O;11,61;17,6;9,66;48,59;41,75
27059 Sober;6,99;15,7;8,48;47,7;43,82
27003 Antas de Ulla;20,63;17,6;9,87;52,28;37,85
27032 Monterroso;42,64;32,9;12,53;56,68;30,79
27040 Palas de Rei;36,73;16,3;10,85;52,63;36,52
32001 Allariz;45,73;75,6;16,83;57,59;25,58
32007 Baños de Molgas;10,33;21,7;6,05;51,36;42,59
32043 Maceda;20,19;28,2;13,02;53,69;33,29
32055 Paderne de Allariz;9,43;34,6;10,74;52,72;36,54
32036 Xunqueira de Ambía;9,43;22,3;9,76;48,58;41,65
32037 Xunqueira de Espadanedo;4,88;25,1;9,22;52,88;37,9
32006 Bande;22,77;14,7;6,1;45,03;48,87
32030 Entrimo;17,04;12,9;7,42;51,83;40,75
32041 Lobeira;10,92;10,2;3,57;40,57;55,86
32042 Lobios;27,73;10,6;6,87;49,69;43,44
32051 Muíños;21,54;12,6;4,35;49,86;45,8
32011 Beariz;3,4;16;6,61;43,9;49,5
32013 Boborás;8,23;24,6;9,87;43,77;46,36
32019 Carballiño, O;54,26;262,1;14,8;55,35;29,85
32035 Irixo, O;5,12;11,1;7,07;43,3;49,63
32045 Maside;10,53;69;13,58;52,82;33,6
32061 Piñor;4,2;20,9;8,79;50,77;40,44
32065 Punxín;2,84;43,6;8,33;52,42;39,25
32074 San Amaro;3,93;35,5;9,21;47,38;43,41
32076 San Cristovo de Cea;7,48;20,8;6,67;48,4;44,93
32005 Baltar;4,51;9,1;8,22;50,23;41,55
32012 Blancos, Os;3,65;14,7;7,86;48,86;43,29
32016 Calvos de Randín;3,38;6,6;3,25;41,42;55,33
32062 Porqueira;4,21;18,6;6,45;45,16;48,39
32067 Rairiz de Veiga;6,02;16;6,59;46,31;47,09
32077 Sandiás;5,67;20,6;7,91;49,95;42,13
32078 Sarreaus;5,58;13,8;6,18;43,35;50,47
32082 Trasmiras;6,34;21,4;7,98;45,1;46,91
32089 Vilar de Barrio;6,13;11;4,68;44,34;50,98
32090 Vilar de Santos;4,1;38;10,43;50,51;39,06
32032 Xinzo de Limia;50,4;72,8;15,99;55,07;28,94
32002 Amoeiro;1,68;61,5;11,59;54,65;33,76
32008 Barbadás;7,68;370,1;18,44;61,45;20,1
32026 Coles;2,22;84,7;11,56;53,98;34,46
32031 Esgos;0,76;29,2;9,68;50,05;40,27
32052 Nogueira de Ramuín;1,42;21,1;9,23;52,13;38,65
32054 Ourense;72,51;1249,1;15,67;57,24;27,09
32058 Pereiro de Aguiar, O;4,66;111,4;17,46;57,22;25,32
32059 Peroxa, A;1,23;32,9;8,36;49,19;42,45
32075 San Cibrao das Viñas;3,97;146,3;17,34;59,94;22,71
32079 Taboadela;1,02;58,7;10,62;54,77;34,62
32081 Toén;1,6;40;12,73;53,11;34,16
32087 Vilamarín;1,26;32,8;10,34;50,65;39,01
32003 Arnoia, A;6,28;45,7;8,25;49,26;42,49
32004 Avión;11,31;14,1;8,33;43,43;48,24
32010 Beade;2,41;56,7;10,19;50,41;39,39
32018 Carballeda de Avia;7,78;25,3;7,94;45,9;46,16
32022 Castrelo de Miño;8,53;32,4;8,94;47,43;43,62
32025 Cenlle;7,08;36,8;9,28;53,7;37,02
32027 Cortegada;6,79;38;7,23;54,64;38,12
32040 Leiro;10,05;39,6;9,24;45,08;45,68
32046 Melón;7,16;20,3;6,86;44,02;49,12
32069 Ribadavia;32,62;195,4;13,14;55,73;31,14
32023 Castro de Caldelas, O;45,41;14,1;8,49;52,06;39,45
32049 Montederramo;24,19;4,9;3,64;50,83;45,52
32057 Parada de Sil;18,32;8;4,41;47,9;47,7
32080 Teixeira, A;12,08;11,9;7,29;48,33;44,38
32014 Bola, A;6,68;32,4;6,18;48,06;45,76
32020 Cartelle;14,54;26,1;7,31;47,99;44,7
32024 Celanova;33,62;84,6;13,06;52,12;34,82
32033 Gomesende;3,78;22,6;4,38;48,28;47,34
32047 Merca, A;11,67;38,8;11,08;50,51;38,41
32056 Padrenda;9,07;26,9;6,96;49,9;43,14
32064 Pontedeva;2,71;46,6;5,88;52,29;41,83
32066 Quintela de Leirado;3,46;18,7;7,68;45,9;46,42
32068 Ramirás;8,74;36,4;7,57;47,16;45,27
32084 Verea;5,73;10,3;9,17;48,51;42,33
32029 Chandrexa de Queixa;12,8;2,7;4,25;43,95;51,8
32044 Manzaneda;20,85;6,7;8,34;44,72;46,94
32063 Pobra de Trives, A;52,32;22,9;9,04;50,91;40,05
32070 San Xoán de Río;14,03;8,4;5,43;43,41;51,16
32009 Barco de Valdeorras, O;53,18;156,5;16,25;60,09;23,66
32015 Bolo, O;3,12;8,6;6,51;40,18;53,32
32017 Carballeda de Valdeorras;5,35;6;9,59;52,42;37,99
32038 Larouco;1,93;20,4;7,23;46,69;46,07
32060 Petín;3,4;28;9,6;55,5;34,89
32072 Rúa, A;16,77;117,4;12;55,04;32,96
32073 Rubiá;5,53;13,8;9,49;48,24;42,27
32083 Veiga, A;3,47;3;6,99;47,65;45,36
32088 Vilamartín de Valdeorras;7,24;20,6;8,4;49,31;42,28
32021 Castrelo do Val;3,84;7,8;10,45;45,51;44,03
32028 Cualedro;6,21;13;5,62;45,75;48,63
32039 Laza;4,67;5,3;7,65;44,22;48,13
32050 Monterrei;9,8;20,3;8,45;45,96;45,59
32053 Oímbra;6,82;23,5;9,4;52,11;38,49
32071 Riós, O;5,58;12;6,7;48,25;45,05
32085 Verín;56,5;147,9;14,84;56,68;28,48
32091 Vilardevós;6,58;10,6;5,8;42,91;51,29
32034 Gudiña, A;22,14;7;7,94;56,64;35,42
32048 Mezquita, A;18,33;9,5;7,27;49,24;43,49
32086 Viana do Bolo;50,26;10;11,41;46,6;41,99
32092 Vilariño de Conso;9,27;2,5;6,79;50,5;42,71
36023 Guarda, A;19,62;487,5;15,35;58,45;26,21
36036 Oia;6,01;36,8;14,3;55,98;29,72
36048 Rosal, O;12,9;148,9;14,73;59,9;25,38
36054 Tomiño;27,12;129,6;15,94;60,63;23,43
36055 Tui;34,35;256,1;17,26;59,71;23,03
36005 Caldas de Reis;29,1;141,1;15,38;59,28;25,35
36010 Catoira;9,89;111,2;15,08;59,73;25,19
36015 Cuntis;13,44;55,7;12,63;55,15;32,22
36032 Moraña;12,5;100,4;16,09;56,44;27,47
36044 Pontecesures;9,28;459,3;16,04;63,49;20,47
36040 Portas;8,32;121,2;14,42;56,41;29,17
36056 Valga;17,46;142,2;15,92;59,2;24,88
36030 Mondariz;10,43;54,1;12,83;55,88;31,29
36031 Mondariz Balneario;1,73;320,3;13,24;64,19;22,57
36034 Neves, As;8,56;55,5;12,64;56,03;31,33
36042 Ponteareas;54,37;184,9;18,16;61,79;20,05
36050 Salvaterra de Miño;24,91;170;16,85;59,72;23,43
36020 Agolada;5,63;15;9,39;51,01;39,6
36016 Dozón;2,4;12,8;7,9;52,69;39,41
36024 Lalín;51,21;61,9;15,63;57,71;26,67
36047 Rodeiro;5,69;14,5;9,55;52,33;38,12
36052 Silleda;22,52;53;15;56,59;28,41
36059 Vila de Cruces;12,55;32;12,19;52,79;35,03
36004 Bueu;14,46;383,6;15,12;59,51;25,38
36008 Cangas de Morrazo;32,63;701,1;15,8;60,41;23,79
36026 Marín;29,3;654;16,33;59,79;23,87
36029 Moaña;23,61;550,9;16,31;59,92;23,77
36001 Arbo;21,87;61,7;10,76;54,07;35,17
36009 Caniza, A;41,63;47,7;13,54;55,12;31,34
36013 Covelo;20,5;18,3;10,42;53,37;36,21
36014 Crecente;16;33,5;7,12;51,66;41,22
36002 Barro;2,93;98,2;17,72;57,87;24,42
36007 Campo Lameiro, O;1,32;26;9,95;53,77;36,29
36902 Cerdedo Cotobade;4,5;26,4;12,64;53,02;34,34
36012 Cotobade;-;-;-;-;-
36025 Lama, A;1,95;21,9;10,53;54,75;34,72
36041 Poio;13,87;513,6;17,59;60,61;21,8
36043 Ponte Caldelas;4,45;64,2;15,17;57,76;27,07
36038 Pontevedra;66,32;703,5;17,08;59,6;23,32
36058 Vilaboa;4,66;158,8;15,38;56,52;28,11
36006 Cambados;12,51;591,4;16,87;60,48;22,64
36022 Grove, O;9,82;496,9;15,11;60,22;24,67
36901 Illa de Arousa, A;4,34;696,5;15,98;60,71;23,31
36027 Meaño;4,73;188,5;15,84;57,96;26,21
36028 Meis;4,23;89,4;14,46;57,73;27,81
36046 Ribadumia;4,67;262,4;18,89;59,93;21,18
36051 Sanxenxo;16,24;399,1;15,36;59,05;25,59
36060 Vilagarcía de Arousa;34,28;858,4;16,4;60,01;23,59
36061 Vilanova de Arousa;9,19;302,6;15,47;57,62;26,91
36011 Cerdedo;-;-;-;-;-
36017 Estrada, A;86,77;71,6;14,56;56,03;29,41
36018 Forcarei;13,23;18,1;9,27;50,34;40,39
36003 Baiona;2,89;358,7;15,49;60,05;24,46
36019 Fornelos de Montes;0,38;20,3;12,02;55,23;32,75
36021 Gondomar;3,53;202,8;17,14;61,56;21,31
36033 Mos;3,56;285,6;17,25;59,91;22,84
36035 Nigrán;4,24;522,2;16,02;59,44;24,54
36037 Pazos de Borbén;0,71;61;14,93;57,02;28,05
36039 Porriño, O;4,89;342,2;18,5;62,98;18,51
36045 Redondela;6,76;555,5;15,53;59;25,47
36049 Salceda de Caselas;2,2;261,7;20,44;63,27;16,29
36053 Soutomaior;1,77;302,8;19,17;61,01;19,82
36057 Vigo;69,09;2711,7;16,07;59,27;24,66
;;;;;
Fonte: IGE. Indicadores demográficos;;;;;
Notas: Non procede difundir os valores de comarcas ou concellos nos que é baixo o número de sucesos rexistrados.;;;;;
En marzo de 2024 actualizouse a serie 2012-2021 coa revisión intercensual derivada do Censo de poboación de 2021;;;;;
(-) Non procede;;;;;
(20-02-2026);;;;;
;;;;;
IGE - Instituto Galego de Estatística;;;;;
